fitting_set,model,timeseries_id,rmse,r2,n,percent_na
allsites,NaiveMAPCorrected,1,0.22123755275178997,-0.9301682413087649,4380,0.693607305936073
allsites,NaiveMAPCorrected,2,0.1648797936509418,0.2006929387398011,4380,0.8029680365296804
allsites,NaiveMAPCorrected,3,0.15079986969732356,-0.014017428831123224,4380,0.7605022831050229
allsites,NaiveMAPCorrected,4,0.1881112785836002,-0.33240834050656054,4380,0.7598173515981735
allsites,NaiveMAPCorrected,5,0.17710033435416725,-0.10986644857601391,4380,0.7605022831050229
allsites,NaiveMAPCorrected,6,0.17848977748468006,-0.12599663941744166,4380,0.7591324200913242
allsites,NaiveMAPCorrected,7,0.12991567817014124,0.24280483871434988,4380,0.708675799086758
allsites,NaiveMAPCorrected,9,0.17916325989633675,0.12893831998407346,4380,0.5529680365296804
allsites,NaiveMAPCorrected,10,0.1159989091579156,-2.0190049146315854,4380,0.46141552511415523
allsites,NaiveMAPCorrected,11,0.09154304655621648,0.08328197244620528,4380,0.4166666666666667
allsites,NaiveMAPCorrected,12,0.05661718692648134,0.4272302673734498,4380,0.7611872146118721
allsites,NaiveMAPCorrected,13,0.056716931354813635,0.43365577681339196,4380,0.7611872146118721
allsites,NaiveMAPCorrected,14,0.057352527910978585,0.39750026964642793,4380,0.7577625570776255
allsites,NaiveMAPCorrected,15,0.07319108407455083,0.1710311604671234,4380,0.6908675799086758
allsites,NaiveMAPCorrected,17,0.10767355926432358,0.07124275298696947,4380,0.4166666666666667
allsites,NaiveMAPCorrected,18,0.17304433462143662,-1.6679640785410474,4380,0.4166666666666667
allsites,NaiveMAPCorrected,20,0.17553042091771287,-1.0745527222959659,4380,0.7073059360730594
allsites,NaiveMAPCorrected,21,0.17454497955136689,-0.5168134269834748,4380,0.693607305936073
allsites,NaiveMAPCorrected,22,0.20661692303140475,-0.04766234138782943,4380,0.7168949771689498
allsites,NaiveMAPCorrected,23,0.19562617814482877,-0.1027198319693563,4380,0.7168949771689498
allsites,NaiveMAPCorrected,24,0.18075459131371557,-0.15338197357927852,4380,0.7666666666666667
allsites,NaiveMAPCorrected,25,0.1912904183412848,-0.21218184929251427,4380,0.70662100456621
allsites,NaiveMAPCorrected,26,0.22679609909162965,-0.5117080068660382,4380,0.6860730593607306
allsites,NaiveMAPCorrected,27,0.21995360060270666,-0.47242339254711885,4380,0.6860730593607306
allsites,NaiveMAPCorrected,28,0.04005318256916018,0.4303967266874632,4380,0.5732876712328767
allsites,NaiveMAPCorrected,30,0.0640756736922694,0.0534262891087014,4380,0.5732876712328767
allsites,NaiveMAPCorrected,31,0.10897180264883045,-0.04313683805866786,4380,0.5472602739726027
allsites,NaiveMAPCorrected,33,0.053090861826515644,0.16666047704783138,4380,0.5876712328767123
allsites,NaiveMAPCorrected,34,0.12134676776007351,-0.686645735155957,4380,0.7981735159817351
allsites,NaiveMAPCorrected,35,0.07118485801863321,-0.11012182424848582,4380,0.576027397260274
allsites,NaiveMAPCorrected,36,0.1656274329902565,0.15607545227027908,4380,0.4730593607305936
allsites,NaiveMAPCorrected,37,0.09377570003499129,0.12474441953844961,4380,0.4166666666666667
allsites,NaiveMAPCorrected,38,0.15829336150737444,0.10015586474678129,4380,0.5952054794520548
allsites,NaiveMAPCorrected,39,0.1479454206394276,0.03085003770780448,4380,0.6908675799086758
allsites,NaiveMAPCorrected,40,0.13158066023536297,-0.012585772977741438,4380,0.6908675799086758
allsites,NaiveMAPCorrected,41,0.12869308178870267,-0.011166709306091649,4380,0.6908675799086758
allsites,NaiveMAPCorrected,42,0.13291143097207345,0.0984027455442088,4380,0.6908675799086758
allsites,NaiveMAPCorrected,43,0.15293044054225313,0.045930509214157755,4380,0.6908675799086758
allsites,NaiveMAPCorrected,44,0.056616278508683233,0.40673994449974626,4380,0.43881278538812785
allsites,NaiveMAPCorrected,45,0.0907898120803034,0.06505880482806337,4380,0.4463470319634703
allsites,NaiveMAPCorrected,46,0.16225557788338926,0.07323655654483419,4380,0.4166666666666667
allsites,NaiveMAPCorrected,47,0.08315674387038596,0.22720761313983906,4380,0.4166666666666667
allsites,NaiveMAPCorrected,48,0.0440275237569745,0.36323230619595215,4380,0.6792237442922374
allsites,NaiveMAPCorrected,49,0.08650016304683228,0.3624237944791965,4380,0.7052511415525115
allsites,NaiveMAPCorrected,50,0.08557704693709162,0.3214915649913851,4380,0.7550228310502283
allsites,NaiveMAPCorrected,51,0.20404199798136208,-0.18779523376951013,4380,0.7687214611872146
allsites,NaiveMAPCorrected,52,0.18053698340781196,-0.13063624785188144,4380,0.45730593607305936
allsites,NaiveMAPCorrected,53,0.14773225003597557,0.28741244058128645,4380,0.7735159817351598
allsites,NaiveMAPCorrected,54,0.14278308224104624,0.30873998465660135,4380,0.7735159817351598
allsites,NaiveMAPCorrected,55,0.1431995945899257,0.30223725736866613,4380,0.7735159817351598
allsites,NaiveMAPCorrected,56,0.15977154400570384,0.01985684382726638,4380,0.7742009132420091
allsites,NaiveMAPCorrected,57,0.11545995492147362,-0.3161044524866792,4380,0.4166666666666667
allsites,NaiveMAPCorrected,58,0.1694760751576001,0.04531944061032134,4380,0.6566210045662101
allsites,NaiveMAPCorrected,59,0.13552000224562288,-0.20577805326889664,4380,0.6970319634703196
allsites,NaiveMAPCorrected,60,0.11429073258849776,0.6383938813556816,4380,0.8091324200913242
allsites,NaiveMAPCorrected,61,0.16399555583762115,-0.21054349523256244,4380,0.7584474885844749
allsites,NaiveMAPCorrected,62,0.14132190572938205,0.18330816960038931,4380,0.8255707762557077
allsites,NaiveMAPCorrected,63,0.10071822957005203,0.25902843738347314,4380,0.8098173515981735
allsites,NaiveMAPCorrected,64,0.10289741481856055,0.3942130072795256,4380,0.8098173515981735
allsites,NaiveMAPCorrected,65,0.068915286432148,0.4174403651191798,4380,0.7707762557077625
allsites,NaiveMAPCorrected,66,0.0751164972484069,0.20839617613335815,4380,0.8098173515981735
allsites,NaiveMAPCorrected,67,0.14858002514384305,0.046766755346411726,4380,0.8262557077625571
allsites,NaiveMAPCorrected,68,0.11207194135370015,-3.216619871717345,4380,0.8255707762557077
allsites,NaiveMAPCorrected,69,0.04702481596228342,0.21339530153965847,4380,0.8255707762557077
allsites,NaiveMAPCorrected,70,0.09899689886395283,-0.1972134229770841,4380,0.8255707762557077
allsites,NaiveMAPCorrected,71,0.08748882394785389,-0.39036872965982794,4380,0.8098173515981735
allsites,NaiveMAPCorrected,73,0.1259844050996462,-0.44283524290220067,4380,0.8098173515981735
allsites,NaiveMAPCorrected,74,0.11889270016458293,0.35038752573491705,4380,0.6123287671232877
allsites,NaiveMAPCorrected,76,0.13516127333877895,0.17577102797200927,4380,0.7148401826484019
allsites,NaiveMAPCorrected,77,0.042892025751411406,0.15074407908189857,4380,0.6335616438356164
allsites,NaiveMAPCorrected,78,0.046870488451308936,0.1910270780462967,4380,0.6315068493150685
allsites,NaiveMAPCorrected,79,0.2164521503096599,-0.341583995270742,4380,0.5255707762557078
allsites,NaiveMAPCorrected,80,0.22231687907914874,-0.1805318685242414,4380,0.7296803652968037
allsites,NaiveMAPCorrected,81,0.15409539820408746,-0.24209634857137785,4380,0.4271689497716895
allsites,NaiveMAPCorrected,92,0.12100039263817994,0.23741733434839574,4380,0.6997716894977168
allsites,NaiveMAPCorrected,95,0.1932373042959456,0.11635771584825783,4380,0.7059360730593607
allsites,NaiveMAPCorrected,96,0.21034237116641094,-0.36567278431665695,4380,0.7481735159817352
allsites,NaiveMAPCorrected,97,0.0581888907117212,0.35975975217652545,4380,0.4166666666666667
allsites,NaiveMAPCorrected,98,0.058532934836679436,0.3701295347350346,4380,0.4166666666666667
allsites,NaiveMAPCorrected,99,0.10610195136595055,0.10599627263664224,4380,0.4166666666666667
allsites,NaiveMAPCorrected,100,0.1935678923640708,-0.8321523104366906,4380,0.4237442922374429
allsites,NaiveMAPCorrected,101,0.1435019390361222,-1.2291520764090955,4380,0.541095890410959
allsites,NaiveMAPCorrected,103,0.1672835706509298,0.0794543144736024,4380,0.4166666666666667
allsites,NaiveMAPCorrected,104,0.20306935713270727,0.03721562663900668,4380,0.45228310502283103
allsites,NaiveMAPCorrected,105,0.1827351312096654,0.06665813741078452,4380,0.4166666666666667
allsites,NaiveMAPCorrected,106,0.19094195522802232,0.08167591507825966,4380,0.4166666666666667
allsites,NaiveMAPCorrected,107,0.14741830323264205,0.22414489245570635,4380,0.7038812785388128
allsites,NaiveMAPCorrected,108,0.17932119323902684,0.09673354366824594,4380,0.4963470319634703
allsites,NaiveMAPCorrected,109,0.08754581257271485,0.4770199308252532,4380,0.4166666666666667
allsites,PhenoGrass,1,0.2113371071200609,0.09038992440003646,4380,0.693607305936073
allsites,PhenoGrass,2,0.12669682005063507,0.7130783883598515,4380,0.8029680365296804
allsites,PhenoGrass,3,0.1540589388346814,0.35770700676347567,4380,0.7605022831050229
allsites,PhenoGrass,4,0.15542658371308837,0.4477987257186936,4380,0.7598173515981735
allsites,PhenoGrass,5,0.15037175690415974,0.5141225853197211,4380,0.7605022831050229
allsites,PhenoGrass,6,0.19475983555408163,0.20181500097955107,4380,0.7591324200913242
allsites,PhenoGrass,7,0.14314143732169904,0.575379856490712,4380,0.708675799086758
allsites,PhenoGrass,9,0.13006432044103225,0.7383180917342937,4380,0.5529680365296804
allsites,PhenoGrass,10,0.1785529967331199,-1.2428964312966753,4380,0.46141552511415523
allsites,PhenoGrass,11,0.08828469343396725,0.7084242994919945,4380,0.4166666666666667
allsites,PhenoGrass,12,0.10563334856874938,0.3001740401877897,4380,0.7611872146118721
allsites,PhenoGrass,13,0.10344358000622463,0.33874864142064476,4380,0.7611872146118721
allsites,PhenoGrass,14,0.11213941395294034,0.19872970487022523,4380,0.7577625570776255
allsites,PhenoGrass,15,0.08881958088445052,0.5780832312053135,4380,0.6908675799086758
allsites,PhenoGrass,17,0.08951026551054221,0.707192675677159,4380,0.4166666666666667
allsites,PhenoGrass,18,0.22425168345860805,-1.1412944344890512,4380,0.4166666666666667
allsites,PhenoGrass,20,0.22756426808019878,-0.9968704335228984,4380,0.7073059360730594
allsites,PhenoGrass,21,0.09930549981852735,0.7603279750169476,4380,0.693607305936073
allsites,PhenoGrass,22,0.13942902992245873,0.7053388165179411,4380,0.7168949771689498
allsites,PhenoGrass,23,0.1693279695102656,0.4897352013551688,4380,0.7168949771689498
allsites,PhenoGrass,24,0.1339780340867318,0.6107142949540187,4380,0.7666666666666667
allsites,PhenoGrass,25,0.18976264716486083,0.3382357465181477,4380,0.70662100456621
allsites,PhenoGrass,26,0.21040488727715598,0.21764069951889653,4380,0.6860730593607306
allsites,PhenoGrass,27,0.2176487768266781,0.1330763135553541,4380,0.6860730593607306
allsites,PhenoGrass,28,0.07160013677476088,0.4593427647875622,4380,0.5732876712328767
allsites,PhenoGrass,30,0.09078874595554413,0.4355467075305033,4380,0.5732876712328767
allsites,PhenoGrass,31,0.16218960952612377,-0.08685804996975488,4380,0.5472602739726027
allsites,PhenoGrass,33,0.08629657553677197,0.27256967035439295,4380,0.5876712328767123
allsites,PhenoGrass,34,0.18106601436010064,-0.11541692557778838,4380,0.7981735159817351
allsites,PhenoGrass,35,0.0979599707472045,0.3084060238359748,4380,0.576027397260274
allsites,PhenoGrass,36,0.10775281151818188,0.8001406836057486,4380,0.4730593607305936
allsites,PhenoGrass,37,0.18033212239094532,-0.3800616233025622,4380,0.4166666666666667
allsites,PhenoGrass,38,0.17357873573611213,0.40943771985042965,4380,0.5952054794520548
allsites,PhenoGrass,39,0.1685604357135299,0.3133585828673079,4380,0.6908675799086758
allsites,PhenoGrass,40,0.1634460799938828,0.1472386800346398,4380,0.6908675799086758
allsites,PhenoGrass,41,0.14215987265888677,0.3265626667553141,4380,0.6908675799086758
allsites,PhenoGrass,42,0.12990761771336423,0.5299025165390336,4380,0.6908675799086758
allsites,PhenoGrass,43,0.12256358492979678,0.6655387442777259,4380,0.6908675799086758
allsites,PhenoGrass,44,0.08628071324836327,0.5072635644575308,4380,0.43881278538812785
allsites,PhenoGrass,45,0.09898852903726989,0.6025298146626048,4380,0.4463470319634703
allsites,PhenoGrass,46,0.13789117007802634,0.6348329839037006,4380,0.4166666666666667
allsites,PhenoGrass,47,0.08443453832631204,0.7171731313538277,4380,0.4166666666666667
allsites,PhenoGrass,48,0.07881267453990531,0.30782778351105466,4380,0.6792237442922374
allsites,PhenoGrass,49,0.12371510923634359,0.4905748496697513,4380,0.7052511415525115
allsites,PhenoGrass,50,0.13466917581615698,0.3430144215669658,4380,0.7550228310502283
allsites,PhenoGrass,51,0.1767916469048536,0.4620749914959791,4380,0.7687214611872146
allsites,PhenoGrass,52,0.14628793314172342,0.5979066331905794,4380,0.45730593607305936
allsites,PhenoGrass,53,0.16738263568317616,0.5454447128569674,4380,0.7735159817351598
allsites,PhenoGrass,54,0.16695427894344234,0.5303640462756745,4380,0.7735159817351598
allsites,PhenoGrass,55,0.1689605306030602,0.5156897398596454,4380,0.7735159817351598
allsites,PhenoGrass,56,0.14944756439585805,0.5750606299748829,4380,0.7742009132420091
allsites,PhenoGrass,57,0.09036257459166298,0.6935964525552368,4380,0.4166666666666667
allsites,PhenoGrass,58,0.1434111967183046,0.6616428250306744,4380,0.6566210045662101
allsites,PhenoGrass,59,0.0826424424808539,0.8104162433254534,4380,0.6970319634703196
allsites,PhenoGrass,60,0.10743468062399623,0.8051528587823544,4380,0.8091324200913242
allsites,PhenoGrass,61,0.2322642158623018,-0.30612689336214527,4380,0.7584474885844749
allsites,PhenoGrass,62,0.12377096188251485,0.6630377146531392,4380,0.8255707762557077
allsites,PhenoGrass,63,0.08554175368502656,0.7808954498445306,4380,0.8098173515981735
allsites,PhenoGrass,64,0.09560146853526284,0.804053112111879,4380,0.8098173515981735
allsites,PhenoGrass,65,0.09159726302522014,0.639692628101845,4380,0.7707762557077625
allsites,PhenoGrass,66,0.14003958154316037,-0.04574992287782531,4380,0.8098173515981735
allsites,PhenoGrass,67,0.10860652796715693,0.7487670482727686,4380,0.8262557077625571
allsites,PhenoGrass,68,0.19479280854397926,-3.1422155090036465,4380,0.8255707762557077
allsites,PhenoGrass,69,0.10062763639991014,-0.06987433676698118,4380,0.8255707762557077
allsites,PhenoGrass,70,0.1521263089454676,0.006444175049158396,4380,0.8255707762557077
allsites,PhenoGrass,71,0.12443640132792877,-0.012012158087190583,4380,0.8098173515981735
allsites,PhenoGrass,73,0.14165691657353066,0.3436662436797846,4380,0.8098173515981735
allsites,PhenoGrass,74,0.08070695618477985,0.8760635014787667,4380,0.6123287671232877
allsites,PhenoGrass,76,0.15833647126975847,0.4190642810999844,4380,0.7148401826484019
allsites,PhenoGrass,77,0.0778661220358931,0.18449654368180368,4380,0.6335616438356164
allsites,PhenoGrass,78,0.0539896319294092,0.691716170023452,4380,0.6315068493150685
allsites,PhenoGrass,79,0.3358646114498865,-1.1159984294692142,4380,0.5255707762557078
allsites,PhenoGrass,80,0.09919652865127998,0.8451382156180317,4380,0.7296803652968037
allsites,PhenoGrass,81,0.21628392597918789,-0.28050866173961175,4380,0.4271689497716895
allsites,PhenoGrass,92,0.09705627945496459,0.7677365719286744,4380,0.6997716894977168
allsites,PhenoGrass,95,0.15401565150509866,0.6743851018370918,4380,0.7059360730593607
allsites,PhenoGrass,96,0.20212008211296886,0.26952786807284745,4380,0.7481735159817352
allsites,PhenoGrass,97,0.09308741721674066,0.41260550893898995,4380,0.4166666666666667
allsites,PhenoGrass,98,0.08497510455931909,0.5240962228946515,4380,0.4166666666666667
allsites,PhenoGrass,99,0.16438659148334464,0.008687659195510178,4380,0.4166666666666667
allsites,PhenoGrass,100,0.19742473355828108,-0.051824463810706156,4380,0.4237442922374429
allsites,PhenoGrass,101,0.2003656914670887,-0.6677829012553729,4380,0.541095890410959
allsites,PhenoGrass,103,0.16326363754111972,0.5076891344072507,4380,0.4166666666666667
allsites,PhenoGrass,104,0.18828427842103374,0.5352813749424308,4380,0.45228310502283103
allsites,PhenoGrass,105,0.15373398665803825,0.6290988817328955,4380,0.4166666666666667
allsites,PhenoGrass,106,0.16527202034733507,0.6137098508927435,4380,0.4166666666666667
allsites,PhenoGrass,107,0.10989559020576387,0.798269629235864,4380,0.7038812785388128
allsites,PhenoGrass,108,0.13772116202811371,0.7169823901368059,4380,0.4963470319634703
allsites,PhenoGrass,109,0.1903016281874389,-0.12493843554876549,4380,0.4166666666666667
ecoregion-vegtype_ETempForests_AG,NaiveMAPCorrected,2,0.39908996073893166,-1.5527683247148154,4380,0.8029680365296804
ecoregion-vegtype_ETempForests_AG,NaiveMAPCorrected,3,0.343209953081489,-1.857126945414254,4380,0.7605022831050229
ecoregion-vegtype_ETempForests_AG,NaiveMAPCorrected,4,0.4043799414412898,-2.35048566584492,4380,0.7598173515981735
ecoregion-vegtype_ETempForests_AG,NaiveMAPCorrected,5,0.3851620610435973,-1.8575527103158405,4380,0.7605022831050229
ecoregion-vegtype_ETempForests_AG,NaiveMAPCorrected,6,0.34676911447401104,-1.2568567557970902,4380,0.7591324200913242
ecoregion-vegtype_ETempForests_AG,NaiveMAPCorrected,25,0.3641839583702091,-1.1337908227650368,4380,0.70662100456621
ecoregion-vegtype_ETempForests_AG,NaiveMAPCorrected,26,0.28811462126866877,-0.31174472738418,4380,0.6860730593607306
ecoregion-vegtype_ETempForests_AG,NaiveMAPCorrected,27,0.28826871327534626,-0.3598391924708986,4380,0.6860730593607306
ecoregion-vegtype_ETempForests_AG,NaiveMAPCorrected,38,0.2951972735288324,-0.48871127107281653,4380,0.5952054794520548
ecoregion-vegtype_ETempForests_AG,NaiveMAPCorrected,39,0.26296006211761336,-0.4565031300125506,4380,0.6908675799086758
ecoregion-vegtype_ETempForests_AG,NaiveMAPCorrected,40,0.26315810005190104,-0.9267487628921764,4380,0.6908675799086758
ecoregion-vegtype_ETempForests_AG,NaiveMAPCorrected,41,0.27335620828066964,-1.1702719137446445,4380,0.6908675799086758
ecoregion-vegtype_ETempForests_AG,NaiveMAPCorrected,42,0.2666803486468905,-0.7266879056648305,4380,0.6908675799086758
ecoregion-vegtype_ETempForests_AG,NaiveMAPCorrected,43,0.3179593109105856,-0.9619102172002458,4380,0.6908675799086758
ecoregion-vegtype_ETempForests_AG,NaiveMAPCorrected,51,0.3132027563079969,-0.5108847183852532,4380,0.7687214611872146
ecoregion-vegtype_ETempForests_AG,NaiveMAPCorrected,96,0.389482174509644,-1.4020600435079937,4380,0.7481735159817352
ecoregion-vegtype_ETempForests_AG,NaiveMAPCorrected,100,0.337010820345259,-1.6794607549087028,4380,0.4237442922374429
ecoregion-vegtype_ETempForests_AG,NaiveMAPCorrected,103,0.3022042849350135,-0.4814667508684267,4380,0.4166666666666667
ecoregion-vegtype_ETempForests_AG,NaiveMAPCorrected,104,0.3594661986779173,-0.48767569933218957,4380,0.45228310502283103
ecoregion-vegtype_ETempForests_AG,NaiveMAPCorrected,106,0.34216047100006164,-0.45413530936714586,4380,0.4166666666666667
ecoregion-vegtype_ETempForests_AG,PhenoGrass,2,0.09876148322469602,0.6684452006515144,4380,0.8029680365296804
ecoregion-vegtype_ETempForests_AG,PhenoGrass,3,0.11201463398095247,0.3528920333210188,4380,0.7605022831050229
ecoregion-vegtype_ETempForests_AG,PhenoGrass,4,0.13680754743458426,0.18495596683822424,4380,0.7598173515981735
ecoregion-vegtype_ETempForests_AG,PhenoGrass,5,0.11774330802463336,0.4326810337976098,4380,0.7605022831050229
ecoregion-vegtype_ETempForests_AG,PhenoGrass,6,0.16547493004939615,-0.12461722111480333,4380,0.7591324200913242
ecoregion-vegtype_ETempForests_AG,PhenoGrass,25,0.1443008275525795,0.18475312901126073,4380,0.70662100456621
ecoregion-vegtype_ETempForests_AG,PhenoGrass,26,0.09462244631338466,0.6949577870348776,4380,0.6860730593607306
ecoregion-vegtype_ETempForests_AG,PhenoGrass,27,0.10875306337154295,0.582719200425855,4380,0.6860730593607306
ecoregion-vegtype_ETempForests_AG,PhenoGrass,38,0.06486687150698103,0.8207316434519846,4380,0.5952054794520548
ecoregion-vegtype_ETempForests_AG,PhenoGrass,39,0.06274738147942092,0.7931788312152372,4380,0.6908675799086758
ecoregion-vegtype_ETempForests_AG,PhenoGrass,40,0.1329668815267603,-0.22673430538522354,4380,0.6908675799086758
ecoregion-vegtype_ETempForests_AG,PhenoGrass,41,0.12647753491905622,-0.15865726981945683,4380,0.6908675799086758
ecoregion-vegtype_ETempForests_AG,PhenoGrass,42,0.10622922478094728,0.31673089759871964,4380,0.6908675799086758
ecoregion-vegtype_ETempForests_AG,PhenoGrass,43,0.15495172779121572,-0.16198579897137488,4380,0.6908675799086758
ecoregion-vegtype_ETempForests_AG,PhenoGrass,51,0.11485491248770857,0.5640544210801548,4380,0.7687214611872146
ecoregion-vegtype_ETempForests_AG,PhenoGrass,96,0.18567058977343545,-0.24478404704073697,4380,0.7481735159817352
ecoregion-vegtype_ETempForests_AG,PhenoGrass,100,0.145280779317028,-0.22126031230908128,4380,0.4237442922374429
ecoregion-vegtype_ETempForests_AG,PhenoGrass,103,0.07229576124530748,0.7973677466333147,4380,0.4166666666666667
ecoregion-vegtype_ETempForests_AG,PhenoGrass,104,0.10530788085274148,0.6948550910872178,4380,0.45228310502283103
ecoregion-vegtype_ETempForests_AG,PhenoGrass,106,0.10545086986795398,0.669905936444283,4380,0.4166666666666667
ecoregion-vegtype_ETempForests_GR,NaiveMAPCorrected,9,0.24261271847732918,-0.8868514677923709,4380,0.5529680365296804
ecoregion-vegtype_ETempForests_GR,NaiveMAPCorrected,60,0.2712524115823673,-1.365661121657622,4380,0.8091324200913242
ecoregion-vegtype_ETempForests_GR,NaiveMAPCorrected,80,0.2891980553362787,-1.2733182863694332,4380,0.7296803652968037
ecoregion-vegtype_ETempForests_GR,NaiveMAPCorrected,95,0.24741233863559828,-0.7038096331323402,4380,0.7059360730593607
ecoregion-vegtype_ETempForests_GR,NaiveMAPCorrected,105,0.22831845140054222,-0.7276377152525872,4380,0.4166666666666667
ecoregion-vegtype_ETempForests_GR,NaiveMAPCorrected,108,0.23580932807297297,-0.876810704022916,4380,0.4963470319634703
ecoregion-vegtype_ETempForests_GR,PhenoGrass,9,0.06043124281145884,0.8713789664002826,4380,0.5529680365296804
ecoregion-vegtype_ETempForests_GR,PhenoGrass,60,0.0741641578048691,0.8074483144908449,4380,0.8091324200913242
ecoregion-vegtype_ETempForests_GR,PhenoGrass,80,0.056656424070028355,0.9060412779411275,4380,0.7296803652968037
ecoregion-vegtype_ETempForests_GR,PhenoGrass,95,0.0936173414813754,0.7325916393039188,4380,0.7059360730593607
ecoregion-vegtype_ETempForests_GR,PhenoGrass,105,0.0837103215630967,0.744341586693481,4380,0.4166666666666667
ecoregion-vegtype_ETempForests_GR,PhenoGrass,108,0.06518986300035312,0.8409914849080153,4380,0.4963470319634703
ecoregion-vegtype_GrPlains_AG,NaiveMAPCorrected,7,0.3575180922704472,-0.7273424864894904,4380,0.708675799086758
ecoregion-vegtype_GrPlains_AG,NaiveMAPCorrected,12,0.1913392726283293,-0.1872697350076189,4380,0.7611872146118721
ecoregion-vegtype_GrPlains_AG,NaiveMAPCorrected,20,0.3838440567554225,-3.2877979414793552,4380,0.7073059360730594
ecoregion-vegtype_GrPlains_AG,NaiveMAPCorrected,49,0.2843917986224357,-0.5343195490297659,4380,0.7052511415525115
ecoregion-vegtype_GrPlains_AG,NaiveMAPCorrected,50,0.27535459177924654,-0.5668710544456186,4380,0.7550228310502283
ecoregion-vegtype_GrPlains_AG,NaiveMAPCorrected,53,0.3514980713732459,-0.37777272953219665,4380,0.7735159817351598
ecoregion-vegtype_GrPlains_AG,NaiveMAPCorrected,54,0.3535658520150086,-0.44768021260794844,4380,0.7735159817351598
ecoregion-vegtype_GrPlains_AG,NaiveMAPCorrected,55,0.3579365881347077,-0.49741906094306443,4380,0.7735159817351598
ecoregion-vegtype_GrPlains_AG,NaiveMAPCorrected,56,0.44305940839132385,-1.5620389230675307,4380,0.7742009132420091
ecoregion-vegtype_GrPlains_AG,NaiveMAPCorrected,61,0.2939711835325079,-0.5172843472064577,4380,0.7584474885844749
ecoregion-vegtype_GrPlains_AG,NaiveMAPCorrected,66,0.1998287329608563,-0.1849571867480928,4380,0.8098173515981735
ecoregion-vegtype_GrPlains_AG,NaiveMAPCorrected,76,0.3123213720084909,-0.5893522659798085,4380,0.7148401826484019
ecoregion-vegtype_GrPlains_AG,NaiveMAPCorrected,81,0.3463614593314696,-1.3384544160517389,4380,0.4271689497716895
ecoregion-vegtype_GrPlains_AG,PhenoGrass,7,0.1707549614285068,0.5833123155328256,4380,0.708675799086758
ecoregion-vegtype_GrPlains_AG,PhenoGrass,12,0.12980774732669964,0.40159821182306565,4380,0.7611872146118721
ecoregion-vegtype_GrPlains_AG,PhenoGrass,20,0.28561882154497703,-1.4601908107759352,4380,0.7073059360730594
ecoregion-vegtype_GrPlains_AG,PhenoGrass,49,0.14879301106713164,0.5469483010732414,4380,0.7052511415525115
ecoregion-vegtype_GrPlains_AG,PhenoGrass,50,0.15999275273796967,0.42945194588446167,4380,0.7550228310502283
ecoregion-vegtype_GrPlains_AG,PhenoGrass,53,0.15322611415853435,0.7251838470985734,4380,0.7735159817351598
ecoregion-vegtype_GrPlains_AG,PhenoGrass,54,0.15726318880164322,0.6993708044199944,4380,0.7735159817351598
ecoregion-vegtype_GrPlains_AG,PhenoGrass,55,0.15511759945404624,0.7049085424837132,4380,0.7735159817351598
ecoregion-vegtype_GrPlains_AG,PhenoGrass,56,0.2620312724887528,0.05912367889984382,4380,0.7742009132420091
ecoregion-vegtype_GrPlains_AG,PhenoGrass,61,0.27624518490393074,-0.3959522637051516,4380,0.7584474885844749
ecoregion-vegtype_GrPlains_AG,PhenoGrass,66,0.14671396045437335,0.3084650186463439,4380,0.8098173515981735
ecoregion-vegtype_GrPlains_AG,PhenoGrass,76,0.15924540433524073,0.5676672451665252,4380,0.7148401826484019
ecoregion-vegtype_GrPlains_AG,PhenoGrass,81,0.30081757754335586,-0.8424053130383558,4380,0.4271689497716895
ecoregion-vegtype_GrPlains_GR,NaiveMAPCorrected,13,0.07385653316678953,-0.450800176408539,4380,0.7611872146118721
ecoregion-vegtype_GrPlains_GR,NaiveMAPCorrected,14,0.07004321523722282,-0.3608514880942004,4380,0.7577625570776255
ecoregion-vegtype_GrPlains_GR,NaiveMAPCorrected,15,0.10733989521106287,-1.7047690415017938,4380,0.6908675799086758
ecoregion-vegtype_GrPlains_GR,NaiveMAPCorrected,36,0.24326674711422328,-1.3728419222726376,4380,0.4730593607305936
ecoregion-vegtype_GrPlains_GR,NaiveMAPCorrected,46,0.22675330157508178,-1.3809498176489252,4380,0.4166666666666667
ecoregion-vegtype_GrPlains_GR,NaiveMAPCorrected,47,0.11063068475817245,-1.059962177475176,4380,0.4166666666666667
ecoregion-vegtype_GrPlains_GR,NaiveMAPCorrected,52,0.26371250046390154,-2.181673388837054,4380,0.45730593607305936
ecoregion-vegtype_GrPlains_GR,NaiveMAPCorrected,62,0.19300266363728827,-1.013970235943419,4380,0.8255707762557077
ecoregion-vegtype_GrPlains_GR,NaiveMAPCorrected,63,0.12482996246598482,-0.6451119388978499,4380,0.8098173515981735
ecoregion-vegtype_GrPlains_GR,NaiveMAPCorrected,64,0.14160573846079072,-0.7021242145942459,4380,0.8098173515981735
ecoregion-vegtype_GrPlains_GR,NaiveMAPCorrected,65,0.08924099054517956,-0.4767677371593335,4380,0.7707762557077625
ecoregion-vegtype_GrPlains_GR,NaiveMAPCorrected,67,0.1913277591879784,-1.1538839159921475,4380,0.8262557077625571
ecoregion-vegtype_GrPlains_GR,NaiveMAPCorrected,74,0.16277411059798694,-0.7546417973780764,4380,0.6123287671232877
ecoregion-vegtype_GrPlains_GR,NaiveMAPCorrected,97,0.07702616605596808,-0.6850382297151556,4380,0.4166666666666667
ecoregion-vegtype_GrPlains_GR,NaiveMAPCorrected,107,0.20188750741424488,-1.0179605446179525,4380,0.7038812785388128
ecoregion-vegtype_GrPlains_GR,PhenoGrass,13,0.16970223190618383,0.3250180282504236,4380,0.7611872146118721
ecoregion-vegtype_GrPlains_GR,PhenoGrass,14,0.17904677408629477,0.23588336412415245,4380,0.7577625570776255
ecoregion-vegtype_GrPlains_GR,PhenoGrass,15,0.1567813226628799,0.5131743642475383,4380,0.6908675799086758
ecoregion-vegtype_GrPlains_GR,PhenoGrass,36,0.08109954659263484,0.9253729477962168,4380,0.4730593607305936
ecoregion-vegtype_GrPlains_GR,PhenoGrass,46,0.14864071053112576,0.7268085354619859,4380,0.4166666666666667
ecoregion-vegtype_GrPlains_GR,PhenoGrass,47,0.14024554034070988,0.6989251751211705,4380,0.4166666666666667
ecoregion-vegtype_GrPlains_GR,PhenoGrass,52,0.13644098435745966,0.7763271390854775,4380,0.45730593607305936
ecoregion-vegtype_GrPlains_GR,PhenoGrass,62,0.1482250315820046,0.6930057763954165,4380,0.8255707762557077
ecoregion-vegtype_GrPlains_GR,PhenoGrass,63,0.10451347223207641,0.8459766896170158,4380,0.8098173515981735
ecoregion-vegtype_GrPlains_GR,PhenoGrass,64,0.1336537009424842,0.8400942537424487,4380,0.8098173515981735
ecoregion-vegtype_GrPlains_GR,PhenoGrass,65,0.14643937611550698,0.6520741822545939,4380,0.7707762557077625
ecoregion-vegtype_GrPlains_GR,PhenoGrass,67,0.09182816718696188,0.8953511269444892,4380,0.8262557077625571
ecoregion-vegtype_GrPlains_GR,PhenoGrass,74,0.0861587633949559,0.9326423130729625,4380,0.6123287671232877
ecoregion-vegtype_GrPlains_GR,PhenoGrass,97,0.1413192155878604,0.46988067562240887,4380,0.4166666666666667
ecoregion-vegtype_GrPlains_GR,PhenoGrass,107,0.10752615400351866,0.8936628999917158,4380,0.7038812785388128
ecoregion-vegtype_NADeserts_GR,NaiveMAPCorrected,28,0.0572726776433437,-1.0002013946769779,4380,0.5732876712328767
ecoregion-vegtype_NADeserts_GR,NaiveMAPCorrected,68,0.11934309901526018,-6.997496949023211,4380,0.8255707762557077
ecoregion-vegtype_NADeserts_GR,NaiveMAPCorrected,69,0.051498024941925645,-0.6201820169041221,4380,0.8255707762557077
ecoregion-vegtype_NADeserts_GR,NaiveMAPCorrected,71,0.10308118619396846,-2.1282429954103335,4380,0.8098173515981735
ecoregion-vegtype_NADeserts_GR,NaiveMAPCorrected,77,0.06018679271327318,-1.8875140658626193,4380,0.6335616438356164
ecoregion-vegtype_NADeserts_GR,PhenoGrass,28,0.194639690509449,-0.0645628503602218,4380,0.5732876712328767
ecoregion-vegtype_NADeserts_GR,PhenoGrass,68,0.17487399369319137,-0.05910609564164737,4380,0.8255707762557077
ecoregion-vegtype_NADeserts_GR,PhenoGrass,69,0.17874086385667348,0.10058502913587208,4380,0.8255707762557077
ecoregion-vegtype_NADeserts_GR,PhenoGrass,71,0.22627155783392186,-0.25900642366887205,4380,0.8098173515981735
ecoregion-vegtype_NADeserts_GR,PhenoGrass,77,0.16243208051404948,0.09171320933088789,4380,0.6335616438356164
ecoregion-vegtype_NADeserts_SH,NaiveMAPCorrected,10,0.2956598775472627,-0.9743077592383915,4380,0.46141552511415523
ecoregion-vegtype_NADeserts_SH,NaiveMAPCorrected,30,0.25392990740689336,-0.2855141708856479,4380,0.5732876712328767
ecoregion-vegtype_NADeserts_SH,NaiveMAPCorrected,33,0.2018508075739647,-0.3948426569321286,4380,0.5876712328767123
ecoregion-vegtype_NADeserts_SH,NaiveMAPCorrected,34,0.39340405323529837,-0.532943648974811,4380,0.7981735159817351
ecoregion-vegtype_NADeserts_SH,NaiveMAPCorrected,35,0.24864043420133936,-0.5507035542174539,4380,0.576027397260274
ecoregion-vegtype_NADeserts_SH,NaiveMAPCorrected,70,0.29293684711979157,-0.42165621192664093,4380,0.8255707762557077
ecoregion-vegtype_NADeserts_SH,NaiveMAPCorrected,73,0.29404356317419866,-0.12981226718837435,4380,0.8098173515981735
ecoregion-vegtype_NADeserts_SH,NaiveMAPCorrected,78,0.22223113180435164,-0.42547992735910123,4380,0.6315068493150685
ecoregion-vegtype_NADeserts_SH,PhenoGrass,10,0.22870321615355726,-0.09824624853710384,4380,0.46141552511415523
ecoregion-vegtype_NADeserts_SH,PhenoGrass,30,0.1430986439781032,0.6237232709581684,4380,0.5732876712328767
ecoregion-vegtype_NADeserts_SH,PhenoGrass,33,0.12312902328985909,0.5139296170041734,4380,0.5876712328767123
ecoregion-vegtype_NADeserts_SH,PhenoGrass,34,0.2823770149051021,0.27206201956871723,4380,0.7981735159817351
ecoregion-vegtype_NADeserts_SH,PhenoGrass,35,0.11228597623377147,0.703992726403648,4380,0.576027397260274
ecoregion-vegtype_NADeserts_SH,PhenoGrass,70,0.14797201923394004,0.6576671955670916,4380,0.8255707762557077
ecoregion-vegtype_NADeserts_SH,PhenoGrass,73,0.10734971166199862,0.8575095527523591,4380,0.8098173515981735
ecoregion-vegtype_NADeserts_SH,PhenoGrass,78,0.12445019062753927,0.590411285385017,4380,0.6315068493150685
ecoregion-vegtype_NWForests_GR,NaiveMAPCorrected,1,0.3529739656720069,-0.5169453261530714,4380,0.693607305936073
ecoregion-vegtype_NWForests_GR,NaiveMAPCorrected,11,0.3333725319803208,-0.4408000843208175,4380,0.4166666666666667
ecoregion-vegtype_NWForests_GR,NaiveMAPCorrected,17,0.2517703106847222,-0.20630652980903008,4380,0.4166666666666667
ecoregion-vegtype_NWForests_GR,NaiveMAPCorrected,18,0.4061115574534012,-2.85929073361866,4380,0.4166666666666667
ecoregion-vegtype_NWForests_GR,NaiveMAPCorrected,57,0.3082275749594663,-0.45869897976984464,4380,0.4166666666666667
ecoregion-vegtype_NWForests_GR,NaiveMAPCorrected,58,0.4085605832735072,-0.5690337495157012,4380,0.6566210045662101
ecoregion-vegtype_NWForests_GR,NaiveMAPCorrected,59,0.3264616028675117,-0.4019157096679198,4380,0.6970319634703196
ecoregion-vegtype_NWForests_GR,PhenoGrass,1,0.094350374245961,0.7512071955367425,4380,0.693607305936073
ecoregion-vegtype_NWForests_GR,PhenoGrass,11,0.05448911698301738,0.8091204341401295,4380,0.4166666666666667
ecoregion-vegtype_NWForests_GR,PhenoGrass,17,0.07902115773729307,0.6656427923043757,4380,0.4166666666666667
ecoregion-vegtype_NWForests_GR,PhenoGrass,18,0.1408168509746132,-0.20683262169780936,4380,0.4166666666666667
ecoregion-vegtype_NWForests_GR,PhenoGrass,57,0.04489833892691242,0.8775332215374279,4380,0.4166666666666667
ecoregion-vegtype_NWForests_GR,PhenoGrass,58,0.09713020740524544,0.7822213550318163,4380,0.6566210045662101
ecoregion-vegtype_NWForests_GR,PhenoGrass,59,0.06949447426966482,0.7953439586289919,4380,0.6970319634703196
vegtype_AG,NaiveMAPCorrected,2,0.30625325296451644,-1.2782777520687256,4380,0.8029680365296804
vegtype_AG,NaiveMAPCorrected,3,0.2636053880928231,-1.5583338073517123,4380,0.7605022831050229
vegtype_AG,NaiveMAPCorrected,4,0.3194068876492868,-2.1720866498488993,4380,0.7598173515981735
vegtype_AG,NaiveMAPCorrected,5,0.2998438343086981,-1.6273300856633273,4380,0.7605022831050229
vegtype_AG,NaiveMAPCorrected,6,0.2691734407665995,-1.1000997765904041,4380,0.7591324200913242
vegtype_AG,NaiveMAPCorrected,7,0.2036964066127105,-0.40111896439154515,4380,0.708675799086758
vegtype_AG,NaiveMAPCorrected,12,0.13757255343643,-1.338342886123507,4380,0.7611872146118721
vegtype_AG,NaiveMAPCorrected,20,0.2358883609544928,-2.0310470193923504,4380,0.7073059360730594
vegtype_AG,NaiveMAPCorrected,22,0.2862437039084231,-0.6705962194669506,4380,0.7168949771689498
vegtype_AG,NaiveMAPCorrected,23,0.28371490364876595,-0.92701723544377,4380,0.7168949771689498
vegtype_AG,NaiveMAPCorrected,24,0.21398597252285806,-0.34044488574726306,4380,0.7666666666666667
vegtype_AG,NaiveMAPCorrected,25,0.26974649316624316,-0.9287275757175786,4380,0.70662100456621
vegtype_AG,NaiveMAPCorrected,26,0.21781488981800248,-0.14750659434922087,4380,0.6860730593607306
vegtype_AG,NaiveMAPCorrected,27,0.21775328285617718,-0.18763581862073386,4380,0.6860730593607306
vegtype_AG,NaiveMAPCorrected,38,0.2133290604596668,-0.30044823762169104,4380,0.5952054794520548
vegtype_AG,NaiveMAPCorrected,39,0.1878616168825429,-0.24341236936231736,4380,0.6908675799086758
vegtype_AG,NaiveMAPCorrected,40,0.18638010558639378,-0.6165827783647257,4380,0.6908675799086758
vegtype_AG,NaiveMAPCorrected,41,0.19486254463013344,-0.8446766153449774,4380,0.6908675799086758
vegtype_AG,NaiveMAPCorrected,42,0.19003330009134847,-0.466555408569008,4380,0.6908675799086758
vegtype_AG,NaiveMAPCorrected,43,0.23195480507481375,-0.7464253173777642,4380,0.6908675799086758
vegtype_AG,NaiveMAPCorrected,49,0.15207080210616766,-0.406972487600733,4380,0.7052511415525115
vegtype_AG,NaiveMAPCorrected,50,0.14760791662753778,-0.44175279458155314,4380,0.7550228310502283
vegtype_AG,NaiveMAPCorrected,51,0.24590907885490362,-0.42144166690551477,4380,0.7687214611872146
vegtype_AG,NaiveMAPCorrected,53,0.22034567772531682,-0.22211036444787302,4380,0.7735159817351598
vegtype_AG,NaiveMAPCorrected,54,0.21901834744323878,-0.25389933171482126,4380,0.7735159817351598
vegtype_AG,NaiveMAPCorrected,55,0.22040665826971453,-0.27576014271029914,4380,0.7735159817351598
vegtype_AG,NaiveMAPCorrected,56,0.25778564864036,-0.9652476437813269,4380,0.7742009132420091
vegtype_AG,NaiveMAPCorrected,61,0.19201958226395807,-0.31400758842761767,4380,0.7584474885844749
vegtype_AG,NaiveMAPCorrected,66,0.1433658626297481,-1.0418285788535573,4380,0.8098173515981735
vegtype_AG,NaiveMAPCorrected,76,0.1978577943209436,-0.376734364175231,4380,0.7148401826484019
vegtype_AG,NaiveMAPCorrected,79,0.3461887199388406,-1.9122467544951185,4380,0.5255707762557078
vegtype_AG,NaiveMAPCorrected,81,0.2020102255726376,-0.6744082818681525,4380,0.4271689497716895
vegtype_AG,NaiveMAPCorrected,96,0.30255466482296184,-1.2950511790517356,4380,0.7481735159817352
vegtype_AG,NaiveMAPCorrected,100,0.2506394551825184,-1.4535568984843437,4380,0.4237442922374429
vegtype_AG,NaiveMAPCorrected,101,0.12153182174351959,-0.13543593301850687,4380,0.541095890410959
vegtype_AG,NaiveMAPCorrected,103,0.2230102563206383,-0.31451937989957424,4380,0.4166666666666667
vegtype_AG,NaiveMAPCorrected,104,0.2714064856622633,-0.3818447104055014,4380,0.45228310502283103
vegtype_AG,NaiveMAPCorrected,106,0.25477164995121204,-0.31363283612730086,4380,0.4166666666666667
vegtype_AG,PhenoGrass,2,0.13354576568607,0.7317644200843711,4380,0.8029680365296804
vegtype_AG,PhenoGrass,3,0.1786706667732851,0.2735789044078083,4380,0.7605022831050229
vegtype_AG,PhenoGrass,4,0.19694946653893852,0.2543596663359019,4380,0.7598173515981735
vegtype_AG,PhenoGrass,5,0.17124402319972665,0.4700335429050243,4380,0.7605022831050229
vegtype_AG,PhenoGrass,6,0.2421021862537358,-0.028944584380337535,4380,0.7591324200913242
vegtype_AG,PhenoGrass,7,0.15485230816803278,0.6307079254498351,4380,0.708675799086758
vegtype_AG,PhenoGrass,12,0.12902427780726786,0.3340324344661294,4380,0.7611872146118721
vegtype_AG,PhenoGrass,20,0.27299951035608766,-1.3585807278214377,4380,0.7073059360730594
vegtype_AG,PhenoGrass,22,0.192247375746248,0.5255842728709323,4380,0.7168949771689498
vegtype_AG,PhenoGrass,23,0.22258974411961283,0.25325860253115107,4380,0.7168949771689498
vegtype_AG,PhenoGrass,24,0.13758612142828802,0.6530782299371725,4380,0.7666666666666667
vegtype_AG,PhenoGrass,25,0.22793612164932386,0.22709693593284996,4380,0.70662100456621
vegtype_AG,PhenoGrass,26,0.18648726607533425,0.4851700233436328,4380,0.6860730593607306
vegtype_AG,PhenoGrass,27,0.19701096103747878,0.40499578046986895,4380,0.6860730593607306
vegtype_AG,PhenoGrass,38,0.14484351716378227,0.6694922276454891,4380,0.5952054794520548
vegtype_AG,PhenoGrass,39,0.13500363556031497,0.6459859298564672,4380,0.6908675799086758
vegtype_AG,PhenoGrass,40,0.19190018117984117,0.05519945665759762,4380,0.6908675799086758
vegtype_AG,PhenoGrass,41,0.17732863523538722,0.15780672279850227,4380,0.6908675799086758
vegtype_AG,PhenoGrass,42,0.14064044833673567,0.5571567152746506,4380,0.6908675799086758
vegtype_AG,PhenoGrass,43,0.19728121698933118,0.3035254172635464,4380,0.6908675799086758
vegtype_AG,PhenoGrass,49,0.1361083417775839,0.5809619781561258,4380,0.7052511415525115
vegtype_AG,PhenoGrass,50,0.14718311573214546,0.4663758327310846,4380,0.7550228310502283
vegtype_AG,PhenoGrass,51,0.1661570133417887,0.6014504202356925,4380,0.7687214611872146
vegtype_AG,PhenoGrass,53,0.14692207113144198,0.7303413878397236,4380,0.7735159817351598
vegtype_AG,PhenoGrass,54,0.15599130598692496,0.6843241785443526,4380,0.7735159817351598
vegtype_AG,PhenoGrass,55,0.15720753747346916,0.6766598012197298,4380,0.7735159817351598
vegtype_AG,PhenoGrass,56,0.23712511907654732,0.17737688789093198,4380,0.7742009132420091
vegtype_AG,PhenoGrass,61,0.2625189048587643,-0.3324238367149912,4380,0.7584474885844749
vegtype_AG,PhenoGrass,66,0.1479175699106879,0.2194305099382724,4380,0.8098173515981735
vegtype_AG,PhenoGrass,76,0.1632523119359753,0.5170913159367925,4380,0.7148401826484019
vegtype_AG,PhenoGrass,79,0.40623657025097853,-1.6835079264222879,4380,0.5255707762557078
vegtype_AG,PhenoGrass,81,0.28650245904238447,-0.7721589336408858,4380,0.4271689497716895
vegtype_AG,PhenoGrass,96,0.26599300858491237,-0.04333411043225155,4380,0.7481735159817352
vegtype_AG,PhenoGrass,100,0.22836050188095638,-0.13661160357277446,4380,0.4237442922374429
vegtype_AG,PhenoGrass,101,0.23497596614750532,-0.5431290917238316,4380,0.541095890410959
vegtype_AG,PhenoGrass,103,0.15090271511585635,0.6577510897568764,4380,0.4166666666666667
vegtype_AG,PhenoGrass,104,0.19107951059676842,0.6105267052403681,4380,0.45228310502283103
vegtype_AG,PhenoGrass,106,0.1767265673177682,0.6405767830704727,4380,0.4166666666666667
vegtype_GR,NaiveMAPCorrected,1,0.217504992197446,-0.8564064269905787,4380,0.693607305936073
vegtype_GR,NaiveMAPCorrected,9,0.2717144430296014,-0.9948525625365323,4380,0.5529680365296804
vegtype_GR,NaiveMAPCorrected,11,0.11672326134928193,-0.47957040597687617,4380,0.4166666666666667
vegtype_GR,NaiveMAPCorrected,13,0.08235666007579477,-0.1856232774786446,4380,0.7611872146118721
vegtype_GR,NaiveMAPCorrected,14,0.08005269662129101,-0.16540723811915425,4380,0.7577625570776255
vegtype_GR,NaiveMAPCorrected,15,0.11172907248625208,-0.9178457181476667,4380,0.6908675799086758
vegtype_GR,NaiveMAPCorrected,17,0.13115911736518504,-0.3702773442328131,4380,0.4166666666666667
vegtype_GR,NaiveMAPCorrected,18,0.22682791564379717,-3.5593909107695527,4380,0.4166666666666667
vegtype_GR,NaiveMAPCorrected,28,0.05910102967949247,-0.23032660779301417,4380,0.5732876712328767
vegtype_GR,NaiveMAPCorrected,31,0.1329463373315645,-0.5440896202382639,4380,0.5472602739726027
vegtype_GR,NaiveMAPCorrected,36,0.2561084734771106,-1.0089451821290032,4380,0.4730593607305936
vegtype_GR,NaiveMAPCorrected,44,0.09687915490314462,-0.7248840346767276,4380,0.43881278538812785
vegtype_GR,NaiveMAPCorrected,46,0.2375977170673667,-0.978170044109665,4380,0.4166666666666667
vegtype_GR,NaiveMAPCorrected,47,0.11829389701599619,-0.5527892086562911,4380,0.4166666666666667
vegtype_GR,NaiveMAPCorrected,52,0.27792695242783666,-1.6671107610327347,4380,0.45730593607305936
vegtype_GR,NaiveMAPCorrected,57,0.1273102852596055,-0.5893975465535144,4380,0.4166666666666667
vegtype_GR,NaiveMAPCorrected,58,0.22600012952319928,-0.6888866119018664,4380,0.6566210045662101
vegtype_GR,NaiveMAPCorrected,59,0.15323909597423838,-0.5322689224346278,4380,0.6970319634703196
vegtype_GR,NaiveMAPCorrected,60,0.28856805139337,-1.2963702284561696,4380,0.8091324200913242
vegtype_GR,NaiveMAPCorrected,62,0.201606703139253,-0.6543179664981054,4380,0.8255707762557077
vegtype_GR,NaiveMAPCorrected,63,0.13381308159045907,-0.299695747588959,4380,0.8098173515981735
vegtype_GR,NaiveMAPCorrected,64,0.15581774994192407,-0.37971498566834927,4380,0.8098173515981735
vegtype_GR,NaiveMAPCorrected,65,0.09924132520894717,-0.19945209591168545,4380,0.7707762557077625
vegtype_GR,NaiveMAPCorrected,67,0.20242987093858772,-0.7601926277816682,4380,0.8262557077625571
vegtype_GR,NaiveMAPCorrected,68,0.1136379805667848,-3.30271282885775,4380,0.8255707762557077
vegtype_GR,NaiveMAPCorrected,69,0.05822024859392295,-0.1961409086949928,4380,0.8255707762557077
vegtype_GR,NaiveMAPCorrected,71,0.09946661251332557,-0.7845557625722854,4380,0.8098173515981735
vegtype_GR,NaiveMAPCorrected,74,0.17907549961010472,-0.4645354227039158,4380,0.6123287671232877
vegtype_GR,NaiveMAPCorrected,77,0.05534344961976644,-0.40252287761901484,4380,0.6335616438356164
vegtype_GR,NaiveMAPCorrected,80,0.30822742178953333,-1.2617367607618588,4380,0.7296803652968037
vegtype_GR,NaiveMAPCorrected,95,0.27452282762033253,-0.7759727034850599,4380,0.7059360730593607
vegtype_GR,NaiveMAPCorrected,97,0.08256337158805174,-0.27991162052597574,4380,0.4166666666666667
vegtype_GR,NaiveMAPCorrected,99,0.14113480786785162,-0.5729707382960494,4380,0.4166666666666667
vegtype_GR,NaiveMAPCorrected,105,0.25205968983617283,-0.7680492672184853,4380,0.4166666666666667
vegtype_GR,NaiveMAPCorrected,107,0.2184253587552859,-0.6938574497575107,4380,0.7038812785388128
vegtype_GR,NaiveMAPCorrected,108,0.25793409300063547,-0.8599658958916299,4380,0.4963470319634703
vegtype_GR,NaiveMAPCorrected,109,0.14471889229305476,-0.4209762493345357,4380,0.4166666666666667
vegtype_GR,PhenoGrass,1,0.2026961096260051,0.49860269679324953,4380,0.693607305936073
vegtype_GR,PhenoGrass,9,0.16410379462958896,0.7248120590537759,4380,0.5529680365296804
vegtype_GR,PhenoGrass,11,0.1910279959366529,0.5242991406942971,4380,0.4166666666666667
vegtype_GR,PhenoGrass,13,0.1529203559670678,0.474430946968194,4380,0.7611872146118721
vegtype_GR,PhenoGrass,14,0.16467868404595426,0.3806278624339886,4380,0.7577625570776255
vegtype_GR,PhenoGrass,15,0.15156676869070876,0.5642890732482975,4380,0.6908675799086758
vegtype_GR,PhenoGrass,17,0.12488301496994964,0.7022998699806702,4380,0.4166666666666667
vegtype_GR,PhenoGrass,18,0.3110339941055165,-1.2700205492515426,4380,0.4166666666666667
vegtype_GR,PhenoGrass,28,0.1323203817125578,0.5040053521762636,4380,0.5732876712328767
vegtype_GR,PhenoGrass,31,0.12368488852238556,0.6579298737003584,4380,0.5472602739726027
vegtype_GR,PhenoGrass,36,0.11510935190083252,0.851967162104639,4380,0.4730593607305936
vegtype_GR,PhenoGrass,44,0.1381556859002284,0.52660892717537,4380,0.43881278538812785
vegtype_GR,PhenoGrass,46,0.17683607808580723,0.6196477191746339,4380,0.4166666666666667
vegtype_GR,PhenoGrass,47,0.1566432534654116,0.6394948000600188,4380,0.4166666666666667
vegtype_GR,PhenoGrass,52,0.14032126040714693,0.7673519844829728,4380,0.45730593607305936
vegtype_GR,PhenoGrass,57,0.1621904888268759,0.594299486244741,4380,0.4166666666666667
vegtype_GR,PhenoGrass,58,0.17293146744069862,0.7181775655937179,4380,0.6566210045662101
vegtype_GR,PhenoGrass,59,0.1077546278186157,0.8467210673039353,4380,0.6970319634703196
vegtype_GR,PhenoGrass,60,0.18806018777023042,0.5806298732066224,4380,0.8091324200913242
vegtype_GR,PhenoGrass,62,0.17683657270950254,0.5704246065714242,4380,0.8255707762557077
vegtype_GR,PhenoGrass,63,0.11842179387643215,0.8082264947619537,4380,0.8098173515981735
vegtype_GR,PhenoGrass,64,0.16221196027669718,0.7729636298972773,4380,0.8098173515981735
vegtype_GR,PhenoGrass,65,0.14170793664452458,0.6876454741201066,4380,0.7707762557077625
vegtype_GR,PhenoGrass,67,0.14792934397966645,0.7339989590682876,4380,0.8262557077625571
vegtype_GR,PhenoGrass,68,0.3603957819437675,-3.528531234272582,4380,0.8255707762557077
vegtype_GR,PhenoGrass,69,0.1550227840706805,0.3179464472399598,4380,0.8255707762557077
vegtype_GR,PhenoGrass,71,0.2081104369519813,-0.07083110034812146,4380,0.8098173515981735
vegtype_GR,PhenoGrass,74,0.12148746808576798,0.8700420530758342,4380,0.6123287671232877
vegtype_GR,PhenoGrass,77,0.1456063344277759,0.26395873547279214,4380,0.6335616438356164
vegtype_GR,PhenoGrass,80,0.1446077514956883,0.75309084267926385,4380,0.7296803652968037
vegtype_GR,PhenoGrass,95,0.2418887875766008,0.46073461226199686,4380,0.7059360730593607
vegtype_GR,PhenoGrass,97,0.1309073186968366,0.5630418590135473,4380,0.4166666666666667
vegtype_GR,PhenoGrass,99,0.13423288283459642,0.6496435550313668,4380,0.4166666666666667
vegtype_GR,PhenoGrass,105,0.17991202090895872,0.6692223807797638,4380,0.4166666666666667
vegtype_GR,PhenoGrass,107,0.14433992307210275,0.812792608182964,4380,0.7038812785388128
vegtype_GR,PhenoGrass,108,0.15292964847638757,0.7847752664577434,4380,0.4963470319634703
vegtype_GR,PhenoGrass,109,0.15882894392490784,0.5917305616982504,4380,0.4166666666666667
vegtype_SH,NaiveMAPCorrected,10,0.1463729399882264,-0.8317168988338395,4380,0.46141552511415523
vegtype_SH,NaiveMAPCorrected,21,0.2185813091385433,-0.29532427329092314,4380,0.693607305936073
vegtype_SH,NaiveMAPCorrected,30,0.11495053950763301,-0.11241222419128971,4380,0.5732876712328767
vegtype_SH,NaiveMAPCorrected,33,0.10315991362101054,-0.24952714931524378,4380,0.5876712328767123
vegtype_SH,NaiveMAPCorrected,34,0.18557897986886202,-0.44045820361342747,4380,0.7981735159817351
vegtype_SH,NaiveMAPCorrected,35,0.12763847372932716,-0.41260969719613416,4380,0.576027397260274
vegtype_SH,NaiveMAPCorrected,37,0.15643689413433753,-0.18734969123551903,4380,0.4166666666666667
vegtype_SH,NaiveMAPCorrected,45,0.16784567112382184,-0.3516778205537572,4380,0.4463470319634703
vegtype_SH,NaiveMAPCorrected,48,0.09515891418940751,-0.20637421414237145,4380,0.6792237442922374
vegtype_SH,NaiveMAPCorrected,70,0.16488619798685097,-0.38545346412938386,4380,0.8255707762557077
vegtype_SH,NaiveMAPCorrected,73,0.16979358159467725,-0.11399025636450766,4380,0.8098173515981735
vegtype_SH,NaiveMAPCorrected,78,0.09429568610060768,-0.16456084267344218,4380,0.6315068493150685
vegtype_SH,NaiveMAPCorrected,92,0.23369722269467888,-0.5103974236371362,4380,0.6997716894977168
vegtype_SH,NaiveMAPCorrected,98,0.12178057205580545,-0.15557356744375306,4380,0.4166666666666667
vegtype_SH,PhenoGrass,10,0.12711596439488318,-0.48716435399070135,4380,0.46141552511415523
vegtype_SH,PhenoGrass,21,0.08972363642513449,0.7722527743007779,4380,0.693607305936073
vegtype_SH,PhenoGrass,30,0.06907299201241646,0.5658403763888773,4380,0.5732876712328767
vegtype_SH,PhenoGrass,33,0.047796784074690575,0.7123527239200198,4380,0.5876712328767123
vegtype_SH,PhenoGrass,34,0.136366012396146,0.15929322479962837,4380,0.7981735159817351
vegtype_SH,PhenoGrass,35,0.05371485830086746,0.731635991494749,4380,0.576027397260274
vegtype_SH,PhenoGrass,37,0.11048281378992006,0.3763501358496776,4380,0.4166666666666667
vegtype_SH,PhenoGrass,45,0.07958838752292563,0.675970779392812,4380,0.4463470319634703
vegtype_SH,PhenoGrass,48,0.0855407030478578,-0.043341426901877034,4380,0.6792237442922374
vegtype_SH,PhenoGrass,70,0.10027245058554542,0.4530273414441147,4380,0.8255707762557077
vegtype_SH,PhenoGrass,73,0.10275188707835421,0.5652296613400556,4380,0.8098173515981735
vegtype_SH,PhenoGrass,78,0.054888360139532966,0.5724006842381268,4380,0.6315068493150685
vegtype_SH,PhenoGrass,92,0.07474636271435608,0.8384387060973086,4380,0.6997716894977168
vegtype_SH,PhenoGrass,98,0.09717010968828688,0.2157359218915491,4380,0.4166666666666667
